{
 "list":[
 	{
 		"text":"第1个"
 	},{
 		"text":"第2个"
 	},{
 		"text":"第3个"
 	},{
 		"text":"第4个"
 	},{
 		"text":"第5个"
 	},{
 		"text":"第6个"
 	},{
 		"text":"第7个"
 	},{
 		"text":"第8个"
 	},{
 		"text":"第9个"
 	},{
 		"text":"第10个"
 	},{
 		"text":"第11个"
 	},{
 		"text":"第12个"
 	},{
 		"text":"第13个"
 	},{
 		"text":"第14个"
 	},{
 		"text":"第15个"
 	},{
 		"text":"第16个"
 	},{
 		"text":"第17个"
 	},{
 		"text":"第18个"
 	},{
 		"text":"第19个"
 	},{
 		"text":"第20个"
 	},{
 		"text":"第21个"
 	},{
 		"text":"第22个"
 	},{
 		"text":"第23个"
 	},{
 		"text":"第24个"
 	},{
 		"text":"第25个"
 	},{
 		"text":"第26个"
 	},{
 		"text":"第27个"
 	},{
 		"text":"第28个"
 	},{
 		"text":"第29个"
 	},{
 		"text":"第30个"
 	},{
 		"text":"第31个"
 	},
 ]
}